CLASS,RK,NAME,STARS,COLLEGE,POS,HT,SCHOOL
2016,1,Lauren Cox,5,Baylor,F,6-4,Flower Mound H.S. (TX)
2016,2,Joyner Holmes,5,Texas,F,6-3,Cedar Hill H.S. (TX)
2016,3,Crystal Dangerfield,5,Connecticut,PG,5-6,Blackman H.S. (TN)
2016,4,Sabrina Ionescu,5,Oregon,G,5-10,Miramonte H.S. (CA)
2016,5,Erin Boley,5,Notre Dame,F,6-2,Elizabethtown H.S. (KY)
2016,6,Alecia Sutton,5,Texas,PG,5-8,Parkway North H.S. (MO)
2016,7,Destiny Slocum,5,Maryland,PG,5-7,Mountain View H.S. (ID)
2016,8,Natalie Chou,5,Baylor,G,6-1,Plano West H.S. (TX)
2016,9,Leaonna Odom,5,Duke,W,6-1,Chaminade College Prep (CA)
2016,10,Tori McCoy,5,Ohio State,F,6-4,H.S. of Saint Thomas More (IL)
2016,11,Jackie Young,5,Notre Dame,G,5-11,Princeton Community H.S. (IN)
2016,12,Amber Ramirez,5,TCU,PG,5-8,Karen Wagner H.S. (TX)
2016,13,Ciera Johnson,5,Louisville,P,6-4,Duncanville H.S. (TX)
2016,14,Sierra Campisano,5,Oregon,F,6-3,Torrey Pines H.S. (CA)
2016,15,Valerie Higgins,5,USC,W,6-1,Chaminade College Prep (CA)
2016,16,Jenna Staiti,5,Maryland,P,6-5,West Forsyth H.S. (GA)
2016,17,Kylee Shook,5,Louisville,P,6-4,Mesa Ridge H.S. (CO)
2016,18,Calveion Landrum,5,Baylor,PG,5-10,La Vega H.S. (TX)
2016,19,Nancy Mulkey,5,Oklahoma,P,6-9,Cypress Woods H.S. (TX)
2016,20,Ae'Rianna Harris,5,Purdue,F,6-1,Lawrence North H.S. (IN)
2016,21,Nicole Ekhomu,5,Florida State,G,5-9,Joliet Catholic Academy (IL)
2016,22,Kaila Charles,5,Maryland,W,5-11,Riverdale Baptist H.S. (MD)
2016,23,A'Tyanna Gaulden,5,Florida State,PG,5-7,Sumter County Comp H.S. (GA)
2016,24,Kiara Lewis,5,Ohio State,PG,5-8,Whitney Young H.S. (IL)
2016,25,Jasmine Walker,5,Florida State,P,6-3,Jefferson Davis H.S. (AL)
2016,26,Mikayla Pivec,5,Oregon State,PG,5-9,Lynnwood H.S. (WA)
2016,27,Nadia Fingall,5,Stanford,F,6-3,Choctawhatchee H.S. (FL)
2016,28,Tyasha Harris,5,South Carolina,PG,5-10,Heritage Christian School (IN)
2016,29,Blair Watson,5,Maryland,W,6-0,Nutley H.S. (NJ)
2016,30,Aaliyah Wilson,5,Arkansas,G,5-9,Muskogee H.S. (OK)
2016,31,Jensen Caretti,5,Ohio State,G,6-1,River H.S. (OH)
2016,32,Dorottya Nagy,5,South Florida,W,6-1,PTE Deak Ferenc Gimnaziuma (EUR)
2016,33,Araion Bradshaw,5,South Carolina,PG,5-6,Tabor Academy (MA)
2016,34,DiJonai Carrington,5,Stanford,G,6-0,Horizon H.S. (CA)
2016,35,Lindsey Corsaro,5,UCLA,G,6-0,Roncalli H.S. (IN)
2016,36,Chanelle Molina,5,Washington State,PG,5-6,Konawaena H.S. (HI)
2016,37,Mardrieka Cook,5,Michigan State,W,6-0,Muskegon Heights H.S. (MI)
2016,38,Aislinn Konig,5,North Carolina State,G,5-9,Brookswood Secondary (CAN)
2016,39,Jamie Ruden,5,Arizona State,P,6-1,John Marshall H.S. (MN)
2016,40,Ruthy Hebard,5,Oregon,F,6-4,West Valley H.S. (AK)
2016,41,Jeannie Boehm,5,Harvard,F,6-3,New Trier H.S. (IL)
2016,42,Anna Wilson,5,Stanford,PG,5-7,Bellevue H.S. (WA)
2016,43,Jazmine Jones,5,Louisville,G,5-10,Florida A&M Developmental Research Schoo (FL)
2016,44,Taylor Koenen,5,North Carolina,G,6-1,Shakopee H.S. (MN)
2016,45,Chassity Carter,5,Vanderbilt,W,5-11,Dickson County H.S. (TN)
2016,46,Erin Whalen,5,Vanderbilt,W,6-1,Providence Day School (NC)
2016,47,Reili Richardson,5,Arizona State,PG,5-9,Brea Olinda H.S. (CA)
2016,48,Jocelyn Willoughby,5,Virginia,W,6-0,Newark Academy (NJ)
2016,49,Dominique Toussaint,5,Virginia,G,5-10,Christ the King H.S. (NY)
2016,50,Kelly Jekot,5,Villanova,W,6-0,Cumberland Valley H.S. (PA)
2016,51,Desiree Elmore,5,Syracuse,G,5-9,Capital Prep (CT)
2016,52,Kysre Gondrezick,5,Michigan,PG,5-9,Benton Harbor H.S. (MI)
2016,53,Stephanie Jones,4,Maryland,F,6-2,Aberdeen H.S. (MD)
2016,54,Jenna Giacone,4,Dayton,G,5-11,Bethlehem Central H.S. (NY)
2016,55,Aarion McDonald,4,Washington,PG,5-7,Brookside Christian H.S. (CA)
2016,56,Sydney Zambrotta,4,Louisville,PG,5-9,Christ the King H.S. (NY)
2016,57,Nausia Woolfolk,4,Florida State,PG,5-9,Peach County H.S. (GA)
2016,58,Allyson Rosenblum,4,UCLA,P,6-3,Mater Dei H.S. (CA)
2016,59,Eternati Willock,4,Kansas State,F,6-2,Pope John Paul II Catholic School (CAN)
2016,60,Jaelyn Brown,4,California,W,6-1,Vista Murrieta H.S. (CA)
2016,61,Chelsea Dungee,4,Oklahoma,G,5-11,Sapulpa H.S. (OK)
2016,62,ArLeighshya McElroy,4,Texas A&M,PG,5-8,Richardson H.S. (TX)
2016,63,Jayla Scaife,4,Dayton,W,5-11,Muncie Central H.S. (IN)
2016,64,Robbi Ryan,4,Arizona State,PG,5-8,Sheridan H.S. (WY)
2016,65,Shayla Bennett,4,North Carolina,G,5-9,Christ Church Episcopal High (SC)
2016,66,Abi Scheid,4,Northwestern,P,6-2,Elk River H.S. (MN)
2016,67,Genesis Parker,4,Virginia Tech,PG,5-7,Bishop O'Connell H.S. (VA)
2016,68,Ja'Tavia Tapley,4,USC,W,6-2,University Christian H.S. (FL)
2016,69,Taryn McCutcheon,4,Michigan State,PG,5-3,East Lansing H.S. (MI)
2016,70,Kennedy Redding,4,BYU,P,6-4,Bountiful H.S. (UT)
2016,71,Nia Hollie,4,Michigan State,W,5-10,Hopkins H.S. (MN)
2016,72,Mikiah Harrigan,4,South Carolina,F,6-2,Flanagan H.S. (FL)
2016,73,Abby Laszewski,4,Wisconsin,F,6-3,Avon H.S. (CT)
2016,74,Abbie Wolf,4,Northwestern,P,6-3,Greenwich H.S. (CT)
2016,75,Jordan Lewis,4,Alabama,PG,5-7,Lake Highland Prep (FL)
2016,76,Brittany Brewer,4,Texas Tech,P,6-4,Wylie H.S. (TX)
2016,77,Ali Andrews,4,Illinois,F,6-2,Huntley H.S. (IL)
2016,78,Mi'Cole Cayton,4,California,G,5-9,Saint Mary's H.S. (CA)
2016,79,Makenzie Meyer,4,Iowa,PG,5-9,Mason City H.S. (IA)
2016,80,Rodrea Echols,4,Oklahoma State,G,5-9,Overton H.S. (TN)
2016,81,Kornelia Wright,4,UCF,PG,5-7,Jones H.S. (FL)
2016,82,Tyra Johnson,4,Auburn,PG,5-8,Austin H.S. (AL)
2016,83,Isabella Alarie,4,Princeton,P,6-3,National Cathedral School (MD)
2016,84,Breanna Glover,4,Ole Miss,W,5-10,Glasgow H.S. (KY)
2016,85,Natasha Mack,4,Houston,P,6-3,Lufkin H.S. (TX)
2016,86,Anie-Pier Samson,4,Duquesne,W,6-0,Dawson School (CAN)
2016,87,Amanda Ollinger,4,Iowa,F,6-1,Linn-Mar H.S. (IA)
2016,88,Kobi Thornton,4,Clemson,F,6-2,Randolph-Clay H.S. (GA)
2016,89,Madison Washington,4,Oregon State,W,6-1,Bishop Gorman H.S. (NV)
2016,90,Kaitlyn Rodgers,4,Ole Miss,F,6-2,Wenonah H.S. (AL)
2016,91,Kayla Robbins,4,Michigan,W,6-1,Saint Johns College H.S. (MD)
2016,92,Morgan Yaeger,4,Oregon,PG,5-9,St. John's (AUS)
2016,93,Katharine Tudor,4,Oregon State,G,6-0,Saint Mary's H.S. (CA)
2016,94,Kiana Rudd,4,North Carolina State,G,5-9,Forest Trail Academy (NC)
2016,95,Enna Pehadzic,4,South Florida,PG,5-9,Aabyhoj H.S. (EUR)
2016,96,Felicia Aiyeotan,4,Virginia,P,6-9,Blair Academy (NJ)
2016,97,Kathleen Doyle,4,Iowa,PG,5-8,Benet Academy (IL)
2016,98,Mallory McGwire,4,Oregon,P,6-4,Reno H.S. (NV)
2016,99,Erika Cassell,4,North Carolina State,F,6-2,Holy Innocents' Episcopal School (GA)
2016,100,Arella Guirantes,4,Texas Tech,W,5-11,IMG Academy (FL)
2017,1,Megan Walker,5,Connecticut,W,6-1,Monacan H.S. (VA)
2017,2,Evina Westbrook,5,Tennessee,G,6-0,South Salem H.S. (OR)
2017,3,Rellah Boothe,5,Texas,F,6-3,IMG Academy (FL)
2017,4,Chasity Patterson,5,Texas,PG,5-6,North Shore H.S. (TX)
2017,5,Sidney Cooks,5,Michigan State,F,6-4,Saint Joseph H.S. (WI)
2017,6,Chennedy Carter,5,Texas A&M,PG,5-7,Timberview H.S. (TX)
2017,7,Anastasia Hayes,5,Tennessee,PG,5-7,Riverdale H.S. (TN)
2017,8,Kiana Williams,5,Stanford,PG,5-7,Karen Wagner H.S. (TX)
2017,9,Dana Evans,5,Louisville,PG,5-6,West Side H.S. (IN)
2017,10,Michaela Onyenwere,5,UCLA,F,5-11,Grandview H.S. (CO)
2017,11,Maya Dodson,5,Stanford,W,6-3,St. Francis H.S. (GA)
2017,12,Rennia Davis,5,Tennessee,W,6-2,Ribault H.S. (FL)
2017,13,Mikayla Coombs,5,Connecticut,G,5-10,Wesleyan School (GA)
2017,14,Jade Williams,5,Duke,F,6-4,The Colony H.S. (TX)
2017,15,Chantel Horvat,5,UCLA,G,6-1,Centre of Excellence (AUS)
2017,16,Andra Espinoza-Hunter,5,Connecticut,G,5-10,Ossining Senior H.S. (NY)
2017,17,Kianna Smith,5,California,G,6-0,Troy H.S. (CA)
2017,18,Ayanna Clark,5,USC,P,6-1,Long Beach Polytechnic H.S. (CA)
2017,19,Deauzya Richards,5,Baylor,G,6-1,Cypress Ranch H.S. (TX)
2017,20,Alexis Morris,5,Baylor,PG,5-6,Legacy Christian Academy (TX)
2017,21,Mikayla Boykin,5,Duke,G,5-9,Clinton H.S. (NC)
2017,22,Digna Strautmane,5,Syracuse,F,6-2,Rigas 66 (EUR)
2017,23,Elisia Grissett,5,South Carolina,W,6-1,Hillside H.S. (NC)
2017,24,Lindsey Duvall,5,Louisville,PG,5-9,Bullitt East H.S. (KY)
2017,25,Loretta Kakala,5,Louisville,P,6-3,Manteca H.S. (CA)
2017,26,Taya Corosdale,5,Oregon State,F,6-3,Bothell H.S. (WA)
2017,27,Maeva Djaldi-Tabdi,5,Syracuse,F,6-2,
2017,28,Autumn Newby,5,Vanderbilt,F,6-2,Archer H.S. (GA)
2017,29,Lexi Gordon,5,Connecticut,W,5-11,L. D. Bell H.S. (TX)
2017,30,Danielle Patterson,5,Notre Dame,F,6-3,Mary Louis Academy (NY)
2017,31,Quanniecia Morrison,5,Georgia,G,5-8,McEachern H.S. (GA)
2017,32,Ana Llanusa,5,Oklahoma,G,6-0,Choctaw H.S. (OK)
2017,33,Destiny Littleton,5,Texas,G,5-9,The Bishops School (CA)
2017,34,Aisha Sheppard,5,Virginia Tech,G,5-10,St. John's College H.S. (DC)
2017,35,Julia Reisigerova,5,None,P,6-4,
2017,36,Satou Sabally,5,Oregon,W,6-4,
2017,37,Kayla Owens,5,UCLA,W,6-1,Langham Creek High (TX)
2017,38,Taylor Kissinger,5,Nebraska,G,6-0,Minden H.S. (NE)
2017,39,Janelle Bailey,5,North Carolina,P,6-3,Providence Day School (NC)
2017,40,Amaya Finklea-Guity,5,Syracuse,P,6-4,Noble & Greenough School (MA)
2017,41,Estella Moschkau,5,Stanford,W,6-2,Edgewood H.S. (WI)
2017,42,Madison Wise,5,Iowa State,W,6-1,Greenfield Central H.S. (IN)
2017,43,Bianca Jackson,5,South Carolina,W,5-11,Brewbaker Tech Magnet H.S. (AL)
2017,44,Kelsey Marshall,5,Miami,G,5-9,Miami Country Day School (FL)
2017,45,Vivian Gray,5,Fort Lewis,F,6-1,Argyle H.S. (TX)
2017,46,Gabrielle Connally,5,Georgia,PG,5-7,Brandeis H.S. (TX)
2017,47,Hailey Brown,5,Michigan,F,6-1,The RISE Centre Academy (CAN)
2017,48,LaDazhia Williams,5,South Carolina,F,6-2,Lakewood Ranch H.S. (FL)
2017,49,Louise Forsyth,5,Gonzaga,G,6-0,Brookswood Secondary (CAN)
2017,50,Myah Taylor,5,Miss St,G,5-6,Olive Branch H.S. (MS)
2017,51,Kierra Fletcher,5,Georgia Tech,G,5-9,Cousino H.S. (MI)
2017,52,Savannah Wilkinson,5,Florida State,G,5-11,Barking Abbey (EUR)
2017,53,Chelsey Gipson,4,Loyola Marymount,PG,5-7,Palisades H.S. (CA)
2017,54,Abby Meyers,4,Princeton,G,5-11,Walt Whitman H.S. (MD)
2017,55,Channise Lewis,4,Maryland,PG,5-8,Miami Country Day School (FL)
2017,56,Mikayla Vaughn,4,Notre Dame,F,6-3,Paul VI H.S. (VA)
2017,57,Kasiyahna Kushkituah,4,Tennessee,P,6-4,St. Francis H.S. (GA)
2017,58,Daijah Jefferson,4,Georgia Tech,F,6-2,Hopewell H.S. (VA)
2017,59,Rachel Ranke,4,Kansas State,W,6-1,Eastview H.S. (MN)
2017,60,Lindsey Pulliam,4,Northwestern,G,5-8,Our Lady of Good Counsel H.S. (MD)
2017,61,Karissa McLaughlin,4,Purdue,PG,5-7,Homestead H.S. (IN)
2017,62,Destiny Pitts,4,Minnesota,G,5-10,Detroit Country Day School (MI)
2017,63,Aleah Goodman,4,Oregon State,PG,5-9,La Salle H.S. (OR)
2017,64,Cara Ursin,4,Baylor,PG,5-7,Destrehan H.S. (LA)
2017,65,Samantha Breen,4,Penn State,F,6-2,North Catholic H.S. (PA)
2017,66,Taylor Mason,4,Miami,G,5-8,Norcross H.S. (GA)
2017,67,Malury Bates,4,Georgia,P,6-3,William Fleming H.S. (VA)
2017,68,Macee Williams,4,IUPUI,P,6-2,Fountain Central H.S.
2017,69,Mykea Gray,4,Miami,PG,5-6,National Christian Academy (MD)
2017,70,Khayla Pointer,4,LSU,PG,5-6,Holy Innocents' Episcopal School (GA)
2017,71,Jaelynn Penn,4,Indiana,W,5-10,Butler Traditional H.S. (KY)
2017,72,Chyna Nixon,4,Ole Miss,G,5-9,Neumann-Goretti H.S. (PA)
2017,73,Aubrey Knight,4,Colorado,G,6-1,Ventura H.S. (CA)
2017,74,Unique Thompson,4,Auburn,F,6-2,Faith Academy (AL)
2017,75,Ashley Jones,4,West Virginia,PG,5-6,Neumann-Goretti H.S. (PA)
2017,76,Maya Caldwell,4,Georgia,W,6-1,Davidson Day School (NC)
2017,77,Alba Prieto,4,South Florida,G,5-11,Galen Centro Educativo (EUR)
2017,78,Alex Luehring,4,Green Bay,F,6-2,Verona H.S. (WI)
2017,79,N'dea Jones,4,Texas A&M,F,6-3,Brookwood H.S. (GA)
2017,80,Kai Crutchfield,4,North Carolina State,G,5-8,Millbrook H.S. (NC)
2017,81,Madison Treece,4,Duke,P,6-4,Rock Bridge H.S. (MO)
2017,82,Katherine Cain,4,Nebraska,P,6-5,Pine Bush Senior H.S. (NY)
2017,83,Shalexxus Aaron,4,USC,W,6-1,Juanita H.S. (WA)
2017,84,Jada Wright,4,Rutgers,P,6-2,Rich East H.S. (IL)
2017,85,Keondra McKinney,4,Kentucky,W,6-1,Fulton H.S. (TN)
2017,86,Kayla Wells,4,Texas A&M,G,6-0,South Grand Prairie H.S. (TX)
2017,87,Desiree Oliver,4,Temple,PG,5-7,Penn Hills H.S. (PA)
2017,88,Jenn Wirth,4,Gonzaga,F,6-2,Seton Catholic H.S. (AZ)
2017,89,Eva Rubin,4,Arizona State,P,6-5,Homewood-Flossmoor H.S. (IL)
2017,90,Alaysia Styles,4,California,W,6-2,La Jolla Country Day School (CA)
2017,91,Jasmine Jones,4,Loyola Marymount,F,5-11,Long Beach Polytechnic H.S. (CA)
2017,92,Samantha Thomas,4,Arizona,W,6-0,Centennial H.S. (NV)
2017,93,Sylvia Serrat,4,South Florida,W,6-2,
2017,94,Dee Bekelja,4,DePaul,PG,5-8,Solon H.S. (OH)
2017,95,Jordan Hamilton,4,Northwestern,PG,5-7,Liberty H.S. (TX)
2017,96,Jill Townsend,4,Gonzaga,G,5-11,Okanogan H.S. (WA)
2017,97,Cymone Goodrich,4,Kansas State,G,5-9,South Shore H.S. (IL)
2017,98,Tori Williams,4,Utah,PG,5-8,Centennial H.S. (ID)
2017,99,Tesia Thompson,4,SE Missouri St,G,5-9,Hamilton H.S. (TN)
2017,100,Maria Paula Lopes Albiero,4,BYU,PG,5-8,Neuse Baptist Christian School (NC)
2018,1,Christyn Williams,5,Connecticut,G,5-11,Central Arkansas Christian School (AR)
2018,2,Charli Collier,5,Texas,F,6-5,Barbers Hill High (TX)
2018,3,Aquira DeCosta,5,Baylor,W,6-2,Saint Mary's H.S. (CA)
2018,4,Shakira Austin,5,Maryland,F,6-5,Riverdale Baptist H.S. (MD)
2018,5,Olivia Nelson-Ododa,5,Connecticut,P,6-4,Winder-Barrow H.S. (GA)
2018,6,Destanni Henderson,5,South Carolina,PG,5-8,Fort Myers H.S. (FL)
2018,7,Queen Egbo,5,Baylor,P,6-3,Travis H.S. (TX)
2018,8,Sedona Prince,5,Texas,P,6-7,Liberty Hill High (TX)
2018,9,Emily Engstler,5,Syracuse,W,6-2,St. Francis Prep (NY)
2018,10,Zarielle Green,5,Tennessee,G,6-0,Duncanville H.S. (TX)
2018,11,Kadiatou Sissoko,5,Syracuse,G,6-2,Ropazu (EUR)
2018,12,Catherine Reese,5,Arizona,F,6-2,Cypress Woods H.S. (TX)
2018,13,NaLyssa Smith,5,Baylor,F,6-2,East Central H.S. (TX)
2018,14,Lexie Hull,5,Stanford,G,6-1,Central Valley H.S. (WA)
2018,15,Elizabeth Balogun,5,Georgia Tech,W,6-0,Hamilton Heights Christian Academy (TN)
2018,16,Izabela Nicoletti,5,Florida State,G,5-10,Neuse Baptist Christian School (NC)
2018,17,Robyn Benton,5,Auburn,G,5-9,Greater Atlanta Christian School (GA)
2018,18,Jenna Brown,5,Stanford,PG,5-10,The Lovett School (GA)
2018,19,Elizabeth Dixon,5,Georgia Tech,F,6-3,Ridgeway H.S. (TN)
2018,20,Honesty Scott-Grayson,5,Baylor,PG,5-10,Riverdale Baptist H.S. (MD)
2018,21,Andrea Aquino,5,Oregon State,P,6-9,Ribet Academy (CA)
2018,22,Jordyn Cambridge,5,Vanderbilt,PG,5-8,The Ensworth School (TN)
2018,23,Zipporah Broughton,5,Rutgers,PG,5-7,Robert E. Lee H.S. (AL)
2018,24,Madison Williams,5,Oklahoma,W,5-10,Trinity Valley School (TX)
2018,25,Jazmine Massengill,5,Tennessee,PG,6-0,Hamilton Heights Christian Academy (TN)
2018,26,Ashley Joens,5,Iowa State,G,5-9,Iowa City H.S. (IA)
2018,27,Katlyn Gilbert,5,Notre Dame,PG,5-10,Heritage Christian School (IN)
2018,28,Christianna Carr,5,Kansas State,G,6-0,Manhattan H.S. (KS)
2018,29,Caitlin Bickle,5,Baylor,W,6-1,Cactus Shadows H.S. (AZ)
2018,30,Mykasa Robinson,5,Louisville,PG,5-7,Paul G. Blazer H.S. (KY)
2018,31,Ahlana Smith,5,UCLA,G,5-9,Mallard Creek H.S. (NC)
2018,32,Rhyne Howard,5,Kentucky,G,6-0,Bradley Central H.S. (TN)
2018,33,Taylor Mikesell,5,Maryland,PG,5-9,Jackson H.S. (OH)
2018,34,Olivia Owens,5,Maryland,P,6-4,Niskayuna H.S. (NY)
2018,35,McKenzie Forbes,5,California,W,6-0,Folsom H.S. (CA)
2018,36,Grace Berg,5,Missouri,W,6-0,Indianola H.S. (IA)
2018,37,Seygan Robins,5,Louisville,G,5-10,Mercer County H.S. (KY)
2018,38,Jordan Nixon,5,Notre Dame,PG,5-8,Mary Louis Academy (NY)
2018,39,Brooke Moore,5,Auburn,PG,5-7,Henry County H.S. (GA)
2018,40,Amy Dilk,5,Michigan,PG,5-9,Carmel H.S. (IN)
2018,41,Kayana Traylor,5,Purdue,PG,5-9,Martinsville H.S. (IN)
2018,42,Nia Clouden,5,Michigan State,PG,5-8,St. Frances Academy (MD)
2018,43,Rae Burrell,5,Tennessee,W,6-1,Foothill H.S. (NV)
2018,44,Grace Berger,5,Indiana,G,5-11,Sacred Heart Academy (KY)
2018,45,Daphane White,5,Mississippi State,P,6-5,Saint Martin H.S. (MS)
2018,46,Jessika Carter,5,Mississippi State,P,6-3,Harris County H.S. (GA)
2018,47,Victaria Saxton,5,South Carolina,F,6-1,Model H.S. (GA)
2018,48,Brinae Alexander,5,Vanderbilt,G,5-9,Riverdale H.S. (TN)
2018,49,Amira Collins,5,Tennessee,P,6-3,Paul VI H.S. (VA)
2018,50,Camilla Emsbo,5,Yale,F,6-4,Lakewood H.S. (CO)
2018,51,Kourtney Weber,5,Florida State,G,5-10,Ursuline Academy (LA)
2018,52,Semaj Smith,5,Arizona,P,6-5,St. Anthony H.S. (CA)
2018,53,Stephanie Soares,5,None,P,6-6,Home School (TX)
2018,54,Xaria Wiggins,4,Mississippi State,W,6-1,Princess Anne H.S. (VA)
2018,55,Elissa Cunane,4,NC State,P,6-5,Northern Guilford H.S. (NC)
2018,56,Joanne Allen-Taylor,4,Texas,G,5-8,Cypress Falls H.S. (TX)
2018,57,Karisma Ortiz,4,Penn State,G,6-0,Archbishop Mitty H.S. (CA)
2018,58,Naz Hillmon,4,Michigan,P,6-2,Gilmour Academy (OH)
2018,59,Jillian Archer,4,USC,F,6-2,Bishop Alemany H.S. (CA)
2018,60,Brooklyn Mitchell,4,Kansas,PG,5-7,Ursuline Academy (LA)
2018,61,Taylor Chavez,4,Oregon,PG,5-10,Valley Vista H.S. (AZ)
2018,62,Janai Crooms,4,Ohio State,G,5-10,St. Andrew's School (RI)
2018,63,Valencia Myers,4,Florida State,P,6-3,Solon H.S. (OH)
2018,64,Mercedes Staples,4,Minnesota,PG,5-10,Viewmont H.S. (UT)
2018,65,Taya Hanson,4,Arizona State,G,5-10,The RISE Centre Academy (CAN)
2018,66,Morgan Jones,4,Florida State,G,6-2,Our Lady Of Mercy H.S. (GA)
2018,67,Akira Levy,4,Missouri,PG,5-7,Upperman H.S. (TN)
2018,68,Danielle Cosgrove,4,Notre Dame,P,6-3,Sachem H.S. East (NY)
2018,69,Ashtyn Veerbeek,4,Nebraska,F,6-2,Western Christian H.S. (IA)
2018,70,Blair Green,4,Kentucky,W,6-0,Harlan H.S. (KY)
2018,71,Desiree Caldwell,4,USC,PG,5-6,Byron P. Steele II H.S. (TX)
2018,72,Jade Loville,4,Boise State,G,6-0,Skyline H.S. (WA)
2018,73,Abby Prohaska,4,Notre Dame,G,5-10,Lakota West H.S. (OH)
2018,74,Yo'myris Morris,4,TCU,F,6-1,North Little Rock H.S. (AR)
2018,75,Alexis Koudelka,4,Illinois State,P,6-1,Nevada H.S. (IA)
2018,76,Kari Niblack,4,West Virginia,F,6-1,Wildwood H.S. (FL)
2018,77,Onome Akinbode-James,4,Duke,F,6-3,Blair Academy (NJ)
2018,78,Emily Kiser,4,Michigan,F,6-2,Noblesville H.S. (IN)
2018,79,Kylee Griffen,4,Gonzaga,W,6-1,Lake Stevens H.S. (WA)
2018,80,Gabriella Crawford,4,Ole Miss,F,6-0,Munford H.S. (TN)
2018,81,Mckenzie Blazek,4,Illinois,F,6-2,Whiteland Community H.S. (IN)
2018,82,Justice Ethridge,4,UNLV,G,5-8,Centennial H.S. (NV)
2018,83,Shanniah Wright,4,Georgetown,F,6-1,Poly Prep Country Day School (NY)
2018,84,Rayah Craig,4,Duke,PG,5-10,Desert Mountain H.S. (AZ)
2018,85,Melody Kempton,4,Gonzaga,F,6-1,Post Falls H.S. (ID)
2018,86,Lindsey VanAllen,4,Santa Clara,G,5-8,Mesquite H.S. (AZ)
2018,87,Sydney Wood,4,Northwestern,G,5-10,St. John's College H.S. (DC)
2018,88,Shaniya Jones,4,Virginia Tech,PG,5-6,Wesleyan Christian Academy (NC)
2018,89,Ariel Johnson,4,Florida,G,5-7,Saint Mary's H.S. (CA)
2018,90,Ciaja Harbison,4,Saint Louis,PG,5-6,Louisville Male H.S. (KY)
2018,91,Kadajah Bailey,4,St. John's,W,6-1,St. Mary's H.S. (NY)
2018,92,Ariel Young,4,Michigan,G,6-0,Lincoln H.S. (FL)
2018,93,Iyanla Kitchens,4,Ole Miss,P,6-2,Arabia Mountain H.S. (GA)
2018,94,Jayla Everett,4,New Mexico,G,5-11,Kirkwood H.S. (MO)
2018,95,Diamond Battles,4,UCF,PG,5-8,Winter Haven H.S. (FL)
2018,96,Jahsyni Knight,4,Pittsburgh,PG,5-8,Rutgers Prep H.S. (NJ)
2018,97,Rokia Doumbia,4,Arkansas,PG,5-8,IMG Academy (FL)
2018,98,Kassidy DeLapp,4,Oklahoma State,F,6-3,Oak Ridge H.S. (CA)
2018,99,Amaya Brown,4,Florida State,PG,5-11,Cibola H.S. (NM)
2018,100,D'asia Gregg,4,Georgia Tech,W,6-2,Wilson H.S. (SC)
2019,1,Haley Jones,5,Stanford,W,6-1,Archbishop Mitty H.S. (CA)
2019,2,Jordan Horston,5,Tennessee,G,6-1,Columbus Africentric H.S. (OH)
2019,3,Aliyah Boston,5,South Carolina,P,6-4,Worcester Academy (MA)
2019,4,Zia Cooke,5,South Carolina,PG,5-9,Rogers H.S. (OH)
2019,5,Rickea Jackson,5,Mississippi State,W,6-2,Detroit Edison Public Academy (MI)
2019,6,Samantha Brunelle,5,Notre Dame,F,6-2,William Monroe H.S.
2019,7,Ashley Owusu,5,Maryland,PG,5-9,Paul VI H.S. (VA)
2019,8,Kierstan Bell,5,Ohio State,G,6-1,McKinley H.S. (OH)
2019,9,Aijha Blackwell,5,Missouri,G,6-0,Whitfield School (MO)
2019,10,Laeticia Amihere,5,South Carolina,F,6-3,King's Way Christian (CAN)
2019,11,Breanna Beal,5,South Carolina,W,6-0,Rock Island H.S. (IL)
2019,12,Jordyn Oliver,5,Baylor,G,5-10,Prosper H.S. (TX)
2019,13,Jaden Owens,5,UCLA,PG,5-6,Plano West H.S. (TX)
2019,14,Maori Davenport,5,Rutgers,P,6-4,Charles Henderson H.S. (AL)
2019,15,Ashten Prechtel,5,Stanford,P,6-5,Discovery Canyon (CO)
2019,16,Jakia Brown-Turner,5,NC State,W,6-0,Bishop McNamara H.S. (MD)
2019,17,Diamond Miller,5,Maryland,G,6-1,Franklin H.S. (NJ)
2019,18,Anaya Peoples,5,Notre Dame,PG,5-10,Schlarman H.S. (IL)
2019,19,Francesca Belibi,5,Stanford,F,6-1,Regis Jesuit H.S. (CO)
2019,20,Kennedy Brown,5,Oregon State,P,6-6,Derby Senior H.S. (KS)
2019,21,Aubrey Griffin,5,UConn,W,6-1,Ossining Senior H.S. (NY)
2019,22,Charisma Osborne,5,UCLA,PG,5-9,Windward School (CA)
2019,23,Nyah Green,5,Louisville,G,6-1,Allen H.S. (TX)
2019,24,Rikki Harris,5,Ohio State,PG,5-9,North Central H.S. (IN)
2019,25,Tiara Young,5,LSU,G,5-10,Walker H.S. (LA)
2019,26,Hayley Frank,5,Missouri,W,6-1,Strafford H.S. (MO)
2019,27,Malu Tshitenge-Mutombo,5,North Carolina,P,6-3,St. John's College H.S. (DC)
2019,28,Aliyah Matharu,5,Mississippi State,PG,5-7,Bishop McNamara H.S. (MD)
2019,29,Rickie Woltman,5,Purdue,F,6-2,Incarnate Word Academy (MO)
2019,30,River Baldwin,5,Florida State,P,6-5,Pleasant Home H.S. (AL)
2019,31,Chloe Chapman,5,Georgia,PG,5-7,Our Lady of Good Counsel H.S. (MD)
2019,32,Zoe Young,5,Maryland,G,5-10,Valley H.S. (IA)
2019,33,Elizabeth Kitley,5,Virginia Tech,P,6-4,Northwest Guilford H.S. (NC)
2019,34,Jada Boyd,5,NC State,F,6-2,Appomattox County H.S. (VA)
2019,35,Alisha Lewis,5,Syracuse,PG,5-6,Strath Haven H.S. (PA)
2019,36,Endyia Rogers,5,USC,PG,5-6,Bishop Lynch H.S. (TX)
2019,37,Angel Jackson,5,USC,P,6-5,Salesian H.S. (CA)
2019,38,Sammie Puisis,5,Florida State,W,6-1,William Mason H.S. (OH)
2019,39,Javyn Nicholson,5,Georgia,F,6-1,Collins Hill H.S. (GA)
2019,40,Celeste Taylor,5,Texas,G,5-11,Long Island Lutheran H.S. (NY)
2019,41,Alissa Pili,5,USC,F,6-0,Dimond H.S. (AK)
2019,42,Jacy Sheldon,5,Ohio State,G,5-10,Dublin Coffman H.S. (OH)
2019,43,Taylor Jones,5,Oregon State,P,6-3,Dallas Christian High (TX)
2019,44,Eboni Walker,5,Arizona State,W,6-0,Centennial H.S. (NV)
2019,45,Kemery Martin,5,Utah,G,5-10,Alta H.S. (UT)
2019,46,Maggie McGraw,5,Iowa State,G,5-10,Southeast Polk H.S. (IA)
2019,47,Tamari Key,5,Tennessee,P,6-5,Cary H.S. (NC)
2019,48,Danae McNeal,5,Clemson,G,6-0,Swansea H.S. (SC)
2019,49,Lavender Briggs,5,Florida,G,5-11,Provo H.S. (UT)
2019,50,Hannah Jump,5,Stanford,PG,5-11,Pinewood School (CA)
2019,51,Kirsten Deans,5,West Virginia,PG,5-8,Westridge Academy (NC)
2019,52,Jorie Allen,5,Indiana,W,6-0,Bedford North Lawrence H.S. (IN)
2019,53,MacKenzie Holmes,5,Indiana,P,6-3,Gorham H.S. (ME)
2019,54,Tai-Yanna Jackson,4,Ole Miss,P,6-5,East Chicago Central H.S. (IN)
2019,55,Shemera Williams,4,Virginia,PG,5-7,University School of Milwaukee (WI)
2019,56,Moira Joiner,4,Michigan State,PG,5-9,Heritage H.S. (MI)
2019,57,Jaida Patrick,4,Duke,G,6-0,Saddle River Day School (NJ)
2019,58,Makenna Marisa,4,Penn State,G,5-10,Peters Township H.S. (PA)
2019,59,Madison Greene,4,Ohio State,PG,5-7,Pickerington Central H.S. (OH)
2019,60,Sydnee Roby,4,Miami,P,6-3,Rufus King H.S. (WI)
2019,61,Azana Baines,4,Duke,G,6-1,Gloucester Catholic H.S. (NJ)
2019,62,Deasia Merrill,4,Kentucky,F,6-2,Villa Rica H.S. (GA)
2019,63,Koi Love,4,Vanderbilt,G,5-10,Miami Country Day School (FL)
2019,64,Corina Carter,4,New Mexico,PG,5-6,Judson H.S. (TX)
2019,65,Jennifer Ezeh,4,Duke,F,6-2,New Hope Academy (MD)
2019,66,Alexis Tucker,4,Texas Tech,W,5-11,Junipero Serra H.S. (CA)
2019,67,Michelle Sidor,4,Michigan,PG,5-7,Saddle River Day School (NJ)
2019,68,Alyza Winston,4,Michigan State,PG,5-7,Muskegon H.S. (MI)
2019,69,Domonique Davis,4,LSU,PG,5-7,DeRidder H.S. (LA)
2019,70,Silke Milliman,4,Pennsylvania,W,6-2,Northfield-Mt. Hermon School (MA)
2019,71,Lauren Hansen,4,Auburn,PG,5-7,Ward Melville H.S. (NY)
2019,72,Kayla Williams,4,UC-Irvine,PG,5-7,Bishop Montgomery H.S. (CA)
2019,73,Julia Ayrault,4,Michigan State,W,6-2,Grosse Pointe North H.S. (MI)
2019,74,Elizabeth Scott,4,Oklahoma,W,6-0,Klein Oak H.S. (TX)
2019,75,Unique Drake,4,St. John's,PG,5-7,Westwood H.S. (SC)
2019,76,Jasmine Powell,4,Minnesota,PG,5-6,Detroit Country Day School (MI)
2019,77,Zakiyah Franklin,4,Kansas,PG,5-7,Winter Haven H.S. (FL)
2019,78,Destiny Rice,4,Alabama,G,5-8,North Caddo H.S. (LA)
2019,79,Lanetta Williams,4,Memphis,F,6-3,Arlington H.S. (TN)
2019,80,McKinzie Green,4,Texas A&M,PG,5-6,Manvel H.S. (TX)
2019,81,Cydni Dodd,4,Michigan State,P,6-5,Warren Central H.S. (IN)
2019,82,Cavina Rickards,4,Florida,G,5-8,Christ the King H.S. (NY)
2019,83,Leilani Correa,4,West Virginia,G,5-10,Manchester Township H.S. (NJ)
2019,84,McKenna Warnock,4,Iowa,W,6-1,Monona Grove H.S. (WI)
2019,85,Gabby Gregory,4,Oklahoma,G,5-0,Holland Hall H.S. (OK)
2019,86,Faith Masonius,4,Maryland,W,6-0,Manasquan H.S. (NJ)
2019,87,Maria Alvarez,4,South Florida,G,5-7,Miami Country Day School (FL)
2019,88,Kaelynn Satterfield,4,Ohio State,W,6-0,Christ the King H.S. (NY)
2019,89,Jayla Hemingway,4,Mississippi State,G,5-9,Houston H.S. (TN)
2019,90,Azaria Robinson,4,New Mexico,P,6-2,East Anchorage H.S. (AK)
2019,91,Jamie Pickens,4,Montana,P,6-1,Helena H.S. (MT)
2019,92,Brianna Jackson,4,Miami,P,6-3,Princess Anne H.S. (VA)
2019,93,Eleanor Mitchell,4,Princeton,W,6-0,Georgetown Visitation Preparatory School (DC)
2019,94,Taiyier Parks,4,Michigan State,F,6-2,North Royalton H.S. (OH)
2019,95,Alexandria Scruggs,4,Wake Forest,G,5-9,E. E. Smith H.S. (NC)
2019,96,Demi Washington,4,Vanderbilt,G,5-9,New Hope Academy (MD)
2019,97,JaMya Young,4,Mississippi State,PG,5-7,Loranger H.S. (LA)
2019,98,Teisha Hyman,4,Syracuse,PG,5-8,Woodlands H.S. (NY)
2019,99,Camille Hobby,4,NC State,P,6-1,Nease H.S. (FL)
2019,100,Elaina Chapman,4,Richmond,F,6-2,Trinity Episcopal School (VA)
2020,1,Paige Bueckers,5,UConn,PG,5-11,Hopkins H.S. (MN)
2020,2,Angel Reese,5,Maryland,W,6-3,St. Frances Academy (MD)
2020,3,Cameron Brink,5,Stanford,F,6-4,Mountain View H.S. (OR)
2020,4,Caitlin Clark,5,Iowa,PG,5-11,Dowling Catholic H.S. (IA)
2020,5,Kamilla Cardoso,5,Syracuse,P,6-6,Hamilton Heights Christian Academy (TN)
2020,6,Diamond Johnson,5,Rutgers,PG,5-5,Neumann-Goretti H.S. (PA)
2020,7,Hailey Van Lith,5,Louisville,G,5-7,Cashmere H.S. (WA)
2020,8,Sydney Parrish,5,Oregon,G,6-0,Hamilton Southeastern H.S. (IN)
2020,9,Priscilla Williams,5,Syracuse,G,6-2,Branson H.S. (MO)
2020,10,Deja Kelly,5,North Carolina,G,5-8,Duncanville H.S. (TX)
2020,11,Te-Hina Paopao,5,Oregon,PG,5-9,La Jolla Country Day School (CA)
2020,12,Sarah Andrews,5,Baylor,PG,5-7,MacArthur H.S. (TX)
2020,13,Dalayah Daniels,5,California,F,6-4,Garfield H.S. (WA)
2020,14,Lexi Donarski,5,Iowa State,PG,5-10,Aquinas H.S. (WI)
2020,15,Madison Scott,5,Ole Miss,W,6-1,Bishop McNamara H.S. (MD)
2020,16,Hannah Gusters,5,Baylor,P,6-4,MacArthur H.S. (TX)
2020,17,Kylee Watson,5,Oregon,F,6-3,Mainland H.S. (NJ)
2020,18,Olivia Cochran,5,Louisville,F,6-1,Carver H.S. (GA)
2020,19,Maddie Scherr,5,Oregon,G,5-11,Larry Ryle H.S. (KY)
2020,20,Madeline Westbeld,5,Notre Dame,F,6-2,Fairmont H.S. (OH)
2020,21,Sasha Goforth,5,Oregon State,G,6-0,Fayetteville H.S. (AR)
2020,22,Angela Dugalic,5,Oregon,F,6-4,Maine West H.S. (IL)
2020,23,Aaliyah Edwards,5,UConn,W,6-2,Crestwood Secondary (CAN)
2020,24,Kateri Poole,5,Ohio State,PG,5-8,South Shore H.S. (NY)
2020,25,Mir McLean,5,UConn,W,5-11,Roland Park Country School (MD)
2020,26,Lauren Ware,5,Arizona,P,6-3,Century H.S.
2020,27,Allison Campbell,5,Notre Dame,PG,5-11,Bellwood-Antis H.S. (PA)
2020,28,Madison Hayes,5,Mississippi State,G,5-10,East Hamilton H.S. (TN)
2020,29,Treasure Hunt,5,Kentucky,W,6-2,Hamilton Heights Christian Academy (TN)
2020,30,Cameron Williams,5,Michigan,P,6-2,Whitney Young H.S. (IL)
2020,31,Jordyn Merritt,5,Florida,F,6-2,Plano Senior H.S. (TX)
2020,32,Leilani Kapinus,5,Penn State,PG,5-10,James Madison H.S. (WI)
2020,33,Anaya Boyd,5,Georgia Tech,G,5-11,Lovejoy H.S. (GA)
2020,34,Natalija Marshall,5,Notre Dame,F,6-5,Christ the King H.S. (NY)
2020,35,Ugonne Onyiah,5,California,F,6-3,Eleanor Roosevelt H.S. (CA)
2020,36,Ra'Shaya Kyle,5,Purdue,P,6-6,Marion H.S. (IN)
2020,37,Vanessa DeJesus,5,Duke,PG,5-8,Sierra Canyon H.S. (CA)
2020,38,Elauna Eaton,5,Arkansas,G,6-0,Nettleton H.S. (AR)
2020,39,Jana Van Gytenbeek,5,Stanford,PG,5-7,Cherry Creek H.S. (CO)
2020,40,Gabrielle Elliott,5,Clemson,W,5-10,Detroit Edison Public Academy (MI)
2020,41,Jordyn Jenkins,5,USC,F,6-2,Kentridge H.S. (WA)
2020,42,Harmoni Turner,5,Harvard,PG,5-9,Mansfield Legacy H.S. (TX)
2020,43,Eniya Russell,5,South Carolina,PG,6-0,Saint Vincent Pallotti H.S. (MD)
2020,44,Alasia Hayes,5,Notre Dame,PG,5-7,Riverdale H.S. (TN)
2020,45,Jerkaila Jordan,5,Tulane,G,5-9,John Curtis Christian H.S. (LA)
2020,46,Anna Morris,5,Northwestern,F,6-2,Immaculate Heart Academy (NJ)
2020,47,Jacorriah Bracey,5,Ole Miss,G,6-0,Ruleville Central H.S. (MS)
2020,48,Kayla Green,5,Texas A&M,PG,5-6,Whitney Young H.S. (IL)
2020,49,Anya Poole,5,North Carolina,F,6-2,Southeast Raleigh H.S. (NC)
2020,50,Darrione Rogers,5,DePaul,G,5-11,Lake Park West H.S. (IL)
2020,51,Fatou Samb,5,California,P,6-3,Westside H.S. (TX)
2020,52,Aubrey Joens,5,Iowa State,G,5-9,Iowa City H.S. (IA)
2020,53,Josiah Lacey,5,Boston College,G,6-0,Westtown School (PA)
2020,54,Nyayongah Gony,4,Miami,F,6-3,Lincoln H.S. (NE)
2020,55,Madison Layden,4,Purdue,G,6-0,Northwestern H.S. (IN)
2020,56,Asia Avinger,4,San Diego State,PG,5-7,Rosary H.S. (CA)
2020,57,Destiny Salary,4,Tennessee,G,6-0,Jonesboro Senior H.S. (AR)
2020,58,Kennady McQueen,4,Utah,PG,5-11,North Summit H.S. (UT)
2020,59,Capria Brown,4,Dayton,G,5-9,Schlarman H.S. (IL)
2020,60,Chyna Cornwell,4,Rutgers,F,6-3,Newton Conover H.S. (NC)
2020,61,Alexis Whitfield,4,Washington,F,6-1,Chaminade College Prep (CA)
2020,62,Eylia Love,4,Georgia Tech,G,6-0,Olathe North H.S. (KS)
2020,63,Sakima Walker,4,Rutgers,P,6-4,Columbus Africentric H.S. (OH)
2020,64,Avyonce Carter,4,Georgia Tech,W,5-10,Wesleyan School (GA)
2020,65,Kendall Bostic,4,Michigan State,F,6-1,Northwestern H.S. (IN)
2020,66,Kaitlyn Chen,4,Princeton,PG,5-8,Flintridge Prep (CA)
2020,67,Maddie Krull,4,South Dakota,PG,5-9,Millard South H.S. (NE)
2020,68,Alexia Smith,4,Minnesota,PG,5-8,Columbus Africentric H.S. (OH)
2020,69,Loyal McQueen,4,Georgia Tech,PG,5-8,Wilson H.S. (SC)
2020,70,Emily Ryan,4,Iowa State,PG,5-9,Claflin H.S.
2020,71,Kylie Feuerbach,4,Iowa State,G,5-11,Sycamore H.S. (IL)
2020,72,Jayla Kelly,4,Missouri,P,6-2,Parkway Central H.S. (MO)
2020,73,Tracey Hueston,4,Pittsburgh,F,6-2,Northside H.S. (VA)
2020,74,Peyton McFarland,4,Utah,P,6-3,Boise H.S. (ID)
2020,75,Sahara Jones,4,Texas A&M,G,6-0,Veterans Memorial H.S. (TX)
2020,76,Maliyah Johnson,4,Texas A&M,F,6-2,Summer Creek H.S. (TX)
2020,77,Taylen Collins,4,Oklahoma State,W,6-1,Muldrow H.S.
2020,78,Shamarla King,4,Virginia Tech,G,6-0,The Watkinson School (CT)
2020,79,Genesis Bryant,4,NC State,PG,5-8,Lovejoy H.S. (GA)
2020,80,Sarah Ashlee Barker,4,Georgia,PG,5-9,Spain Park H.S. (AL)
2020,81,Destinee Wells,4,Belmont,PG,5-7,Houston H.S. (TN)
2020,82,Jewel Spear,4,Wake Forest,PG,5-8,The Colony H.S. (TX)
2020,83,Nyah Leveretter,4,Kentucky,F,6-3,Westwood H.S. (SC)
2020,84,Faith Blackstone,4,Syracuse,G,6-0,Hillside H.S. (NC)
2020,85,Jamia Hazell,4,James Madison,G,5-7,Southeast Raleigh H.S. (NC)
2020,86,Ashley Chevalier,4,Texas,PG,5-7,Sierra Canyon H.S. (CA)
2020,87,McKayla Williams,4,Gonzaga,W,6-1,Windward School (CA)
2020,88,Dontavia Waggoner,4,NC State,G,5-11,The Ensworth School (TN)
2020,89,Sela Heide,4,California,P,6-8,Mount Si H.S. (WA)
2020,90,DeYona' Gaston,4,Texas,F,6-2,Pearland H.S. (TX)
2020,91,Erin Toller,4,Kentucky,PG,,Sacred Heart Academy (KY)
2020,92,Abigail Muse,4,Boise State,F,6-3,Heritage H.S. (CA)
2020,93,Halle Douglass,4,Wisconsin,PG,6-1,Lake Forest H.S. (IL)
2020,94,Erin Hedman,4,Minnesota,P,6-3,Eisenhower H.S. (WI)
2020,95,Makira Cook,4,Dayton,PG,5-6,Mount Notre Dame H.S. (OH)
2020,96,Rhyle McKinney,4,SMU,G,5-9,Argyle H.S. (TX)
2020,97,Shay Holle,4,Texas,G,6-0,Westlake H.S. (TX)
2020,98,Alexandra Zelaya,4,North Carolina,F,6-3,Millenium H.S. (AZ)
2020,99,Jayda Noble,4,Washington,G,6-0,Mount Spokane H.S. (WA)
2020,100,Myra Gordon,4,Alabama,G,5-11,L. D. Bell H.S. (TX)
2021,1,Azzi Fudd,5,UConn,G,5-11,St. John's College H.S. (DC)
2021,2,Raven Johnson,5,South Carolina,PG,5-8,Westlake H.S. (GA)
2021,3,Saniya Rivers,5,South Carolina,G,6-0,Eugene Ashley H.S. (NC)
2021,4,Sania Feagin,5,South Carolina,F,6-3,Forest Park H.S. (GA)
2021,5,Caroline Ducharme,5,UConn,G,6-1,Noble & Greenough School (MA)
2021,6,Aaliyah Moore,5,Texas,F,6-1,Moore H.S. (OK)
2021,7,Jersey Wolfenbarger,5,Arkansas,W,6-5,Northside H.S. (AR)
2021,8,Olivia Miles,5,Notre Dame,PG,5-10,Blair Academy (NJ)
2021,9,Teonni Key,5,North Carolina,W,6-3,Cary H.S. (NC)
2021,10,Rori Harmon,5,Texas,PG,5-6,Cypress Creek H.S. (TX)
2021,11,Brooke Demetre,5,Stanford,W,6-2,Mater Dei H.S. (CA)
2021,12,Payton Verhulst,5,Louisville,G,6-1,Bishop Miege H.S. (KS)
2021,13,Maryam Dauda,5,Arkansas,P,6-4,Bentonville H.S. (AR)
2021,14,Aubryanna Hall,5,South Carolina,G,5-11,Wayne H.S. (OH)
2021,15,Amari DeBerry,5,UConn,F,6-5,Williamsville South H.S. (NY)
2021,16,Sonia Citron,4,Notre Dame,G,6-1,Ursuline H.S. (NY)
2021,17,Kayla McPherson,4,North Carolina,PG,5-7,Madison County H.S. (GA)
2021,18,Morasha Wiggins,4,North Carolina,G,6-0,Kalamazoo Central H.S. (MI)
2021,19,Okikiola Iriafen,4,Stanford,F,6-2,Harvard Westlake H.S. (CA)
2021,20,Destiny Adams,4,North Carolina,W,6-3,Manchester Township H.S. (NJ)
2021,21,Clarice Akunwafo,4,USC,P,6-5,Rolling Hills Prepatory (CA)
2021,22,Shyanne Sellers,4,Maryland,G,6-0,Aurora H.S. (OH)
2021,23,Damiya Hagemann,4,Michigan State,PG,5-7,Detroit Edison Public Academy (MI)
2021,24,Kyndall Hunter,4,Texas,PG,5-8,Cypress Creek H.S. (TX)
2021,25,Talia Von Oelhoffen,4,Oregon State,W,5-11,Chiawana H.S. (WA)
2021,26,Dominique Darius,4,UCLA,G,5-9,Blair Academy (NJ)
2021,27,Rayah Marshall,4,USC,G,6-3,Lynwood H.S. (CA)
2021,28,Laila Phelia,4,Michigan,G,5-11,Mount Notre Dame H.S. (OH)
2021,29,Taylor Bigby,4,Oregon,G,6-1,Centennial H.S. (NV)
2021,30,Saylor Poffenbarger,4,UConn,G,6-2,Middletown H.S. (MD)
2021,31,O'Mariah Gordon,4,Florida State,PG,5-4,Braden River H.S. (FL)
2021,32,Greta Kampschroeder,4,Oregon State,G,6-0,Naperville North H.S. (IL)
2021,33,Meg Newman,4,Arizona State,W,6-3,North Central H.S. (IN)
2021,34,Reigan Richardson,4,Georgia,G,5-11,Cannon School (NC)
2021,35,Hailey Weaver,4,Northwestern,G,5-11,Solon H.S. (OH)
2021,36,Aziaha James,4,NC State,G,5-9,Princess Anne H.S. (VA)
2021,37,Jillian Hollingshead,4,Georgia,F,6-4,McEachern H.S. (GA)
2021,38,Latasha Lattimore,4,Texas,F,6-4,Crestwood Secondary (CAN)
2021,39,Allison Ediger,4,Iowa,P,6-3,Hamilton H.S.
2021,40,Knisha Godfrey,4,Mississippi State,PG,5-9,Tampa Bay Tech Senior High (FL)
2021,41,Shayeann Day-Wilson,4,Duke,PG,5-5,Crestwood Secondary (CAN)
2021,42,Jenna Johnson,4,Utah,F,6-2,Wayzata H.S. (MN)
2021,43,Sara Puckett,4,Tennessee,F,6-2,Muscle Shoals H.S. (AL)
2021,44,Breanne Salenbien,4,Gonzaga,W,6-3,Lenawee Christian (MI)
2021,45,Karoline Striplin,4,Tennessee,F,6-2,Geneva County H.S. (AL)
2021,46,Kaybriana Hallman,4,Xavier,F,6-3,East Kentwood H.S. (MI)
2021,47,Kiya Dorroh,4,Missouri,W,6-0,Sabino H.S. (AZ)
2021,48,Makayla Timpson,4,Florida State,F,6-2,Early County H.S. (GA)
2021,49,Kendall Coley,4,Nebraska,W,6-2,Saint Louis Park High (MN)
2021,50,Jillian Brown,4,Northwestern,G,5-10,East Grand Rapids H.S. (MI)
2021,51,Amani Bartlett,4,LSU,F,6-3,Houston Christian H.S. (TX)
2021,52,Kionna Gaines,4,Clemson,G,5-11,Carver H.S. (GA)
2021,53,Adalia McKenzie,4,Illinois,G,5-10,Park Center H.S. (MN)
2021,54,Jaelyn Glenn,4,Kansas State,G,6-1,The Barstow School (MO)
2021,55,Jasmine Shavers,4,Mississippi State,G,5-10,Horn H.S. (TX)
2021,56,Caileigh Walsh,4,Northwestern,P,6-3,Gill St. Bernard's School (NJ)
2021,57,Sacha Washington,4,Vanderbilt,F,6-2,Parkview H.S. (GA)
2021,58,Kendra Gillispie,4,Marquette,W,6-2,Harding Prep (OK)
2021,59,Emma Shumate,4,West Virginia,G,6-1,Newark H.S. (OH)
2021,60,Raegyn Conley,4,Wake Forest,W,6-0,Baylor School (TN)
2021,61,Brianna Turnage,4,Virginia Tech,G,6-1,Westlake H.S. (GA)
2021,62,Kaiya Wynn,4,Tennessee,G,5-10,Foster H.S. (TX)
2021,63,Ashtynne Marotte,4,Oregon State,G,6-0,Vista Ridge H.S. (TX)
2021,64,Sophia Hart,4,NC State,P,6-5,Farmington H.S. (MN)
2021,65,Tiarra East,4,Temple,G,5-10,Butler Traditional H.S. (KY)
2021,66,Kelbie Washington,4,Oklahoma,PG,5-6,Norman H.S. (OK)
2021,67,Chante Embry,4,Texas Tech,F,5-11,Norman H.S. (OK)
2021,68,Ariana Wiggins,4,Michigan,G,5-8,Heritage Christian School (IN)
2021,69,De'Mauri Flournoy,4,Vanderbilt,PG,5-6,Carrollton H.S. (GA)
2021,70,Se'Quoia Allmond,4,Jackson State,PG,5-7,Whitehaven H.S. (TN)
2021,71,Madison Conner,4,Arizona,G,5-11,Perry H.S. (AZ)
2021,72,Paige Bradley,4,TCU,G,5-10,Bishop Lynch H.S. (TX)
2021,73,Callie Genke,4,Green Bay,G,6-0,Freedom H.S. (WI)
2021,74,Emma Calvert,4,BYU,P,6-4,Fremont H.S. (UT)
2021,75,Kayla Blackshear,4,Alabama,F,6-1,Lake Highland Prep (FL)
2021,76,Marisa Davis,4,Washington,W,6-1,Valley Vista H.S. (AZ)
2021,77,Kierra Sanderlin,4,Rutgers,PG,5-8,Judson H.S. (TX)
2021,78,Jzaniya Harriel,4,Stanford,PG,5-10,Antelope H.S. (CA)
2021,79,Lashae Dwyer,4,Miami,PG,5-8,The Webb School
2021,80,Allison Weidner,4,Nebraska,G,5-9,Saint Francis H.S. (NE)
2021,81,Messiah Hunter,4,West Virginia,G,6-1,TPLS Christian Academy (VA)
2021,82,Kindyll Wetta,4,Colorado,PG,5-9,Valor Christian H.S. (CO)
2021,83,Khylee-Jade Pepe,4,San Diego State,G,5-11,Bishop Montgomery H.S. (CA)
2021,84,Laila Jewett,4,UCF,G,5-10,Bishop Ireton H.S. (VA)
2021,85,Avery Van Sickle,4,Washington,PG,5-10,Regis Jesuit H.S. (CO)
2021,86,Grace Hall,4,LSU,F,6-2,Homewood-Flossmoor H.S. (IL)
2021,87,Jada Walker,4,Kentucky,PG,5-6,Henrico H.S. (VA)
2021,88,Macie James,4,Oklahoma State,G,5-10,San Joaquin Memorial H.S. (CA)
2021,89,Amiya Payne,4,Middle Tennessee,W,5-11,Hewitt-Trussville H.S. (AL)
2021,90,Olivia Westphal,4,Duquesne,G,5-10,Bethel Park Senior H.S. (PA)
2021,91,Jada Malone,4,Texas A&M,P,6-3,The Village School (TX)
2021,92,Addison O'Grady,4,Iowa,P,6-3,Grandview H.S. (CO)
2021,93,Skye Williams,4,Purdue,G,5-10,Pickerington Central H.S. (OH)
2021,94,Jess Finney,4,Washington,G,5-10,Chaparral H.S. (AZ)
2021,95,Ally Van Timmeren,4,Boston College,F,6-2,Jenison H.S. (MI)
2021,96,Mallorie Haines,4,Davidson,G,5-10,Davidson Day School (NC)
2021,97,Stefanie Kulesza,4,UMass,G,5-11,Conrad H.S. (DE)
2021,98,Katie Borowicz,4,Minnesota,PG,5-6,Roseau H.S.
2021,99,Nyah Wilson,4,Syracuse,G,5-8,Duncanville H.S. (TX)
2021,100,Aaronette Vonleh,4,Arizona,P,6-3,West Linn H.S. (OR)
2022,1,Lauren Betts,5,Stanford,P,6-7,Grandview H.S. (CO)
2022,2,Kiki Rice,5,UCLA,PG,5-11,Sidwell Friends School (DC)
2022,3,Janiah Barker,5,Texas A&M,F,6-2,Montverde Academy (FL)
2022,4,Ayanna Patterson,5,UConn,W,6-2,Homestead H.S. (IN)
2022,5,Isuneh Brady,5,UConn,P,6-3,Cathedral Catholic H.S. (CA)
2022,6,Timea Gardiner,5,Oregon State,F,6-3,Fremont H.S. (UT)
2022,7,Chance Gray,5,Oregon,PG,5-9,Winton Woods H.S. (OH)
2022,8,Aaliyah Gayles,5,USC,PG,5-9,Spring Valley H.S. (NV)
2022,9,Maya Nnaji,5,Arizona,F,6-4,Hopkins H.S. (MN)
2022,10,Raegan Beers,5,Oregon State,P,6-2,Valor Christian H.S. (CO)
2022,11,Justine Pissott,5,Tennessee,W,6-2,Red Bank Catholic High (NJ)
2022,12,Ashlyn Watkins,5,South Carolina,P,6-3,Cardinal Newman School (SC)
2022,13,Grace VanSlooten,5,Oregon,F,6-3,IMG Academy (FL)
2022,14,Ta'Niya Latson,5,Florida State,G,5-8,American Heritage H.S. (FL)
2022,15,Ruby Whitehorn,5,Clemson,G,6-0,Detroit Edison Public Academy (MI)
2022,16,Ashlon Jackson,5,Duke,G,5-10,Hardin Jefferson High (TX)
2022,17,Darianna Littlepage-Buggs,5,Baylor,W,6-1,Classen H.S. (OK)
2022,18,Talaysia Cooper,5,South Carolina,PG,6-0,East Clarendon H.S.
2022,19,Gabriela Jaquez,5,UCLA,F,6-0,Adolfo Camarillo H.S. (CA)
2022,20,Indya Nivar,5,Stanford,G,5-9,Apex Friendship H.S. (NC)
2022,21,Paris Clark,5,Arizona,G,5-8,Long Island Lutheran H.S. (NY)
2022,22,Londynn Jones,4,UCLA,PG,5-5,Santiago H.S. (CA)
2022,23,Cotie McMahon,4,Ohio State,W,5-11,Centerville H.S. (OH)
2022,24,Tonie Morgan,4,Georgia Tech,PG,5-10,Florida H.S. (FL)
2022,25,Kyla Oldacre,4,Miami,P,6-5,William Mason H.S. (OH)
2022,26,Flau'jae Johnson,4,LSU,G,5-10,Sprayberry H.S. (GA)
2022,27,Paulina Paris,4,North Carolina,PG,5-7,Saddle River Day School (NJ)
2022,28,Mara Braun,4,Minnesota,PG,5-11,Wayzata H.S. (MN)
2022,29,KK Bransford,4,Notre Dame,G,5-10,Mount Notre Dame H.S. (OH)
2022,30,Lazaria Spearman,4,Miami,F,6-3,Dacula H.S. (GA)
2022,31,Kailyn Gilbert,4,Arizona,PG,5-8,IMG Academy (FL)
2022,32,Maggie Mendelson,4,Nebraska,P,6-6,Fremont H.S. (UT)
2022,33,Shay Bollin,4,Duke,F,6-3,Bridgewater-Raynham Regional High S (MA)
2022,34,Ndjakalenga Mwenentanda,4,Texas,W,6-1,Washington H.S. (SD)
2022,35,Nyla Harris,4,Louisville,F,6-2,Lake Highland Prep (FL)
2022,36,Jennah Isai,4,Oregon,W,5-11,Valley Vista H.S. (AZ)
2022,37,Sydney Bowles,4,Texas A&M,W,6-1,Woodward Academy (GA)
2022,38,Zyanna Walker,4,Louisville,G,6-0,Wichita Heights H.S. (KS)
2022,39,Amaya Battle,4,Minnesota,PG,5-11,Hopkins H.S. (MN)
2022,40,Hannah Stines,4,Washington,G,5-10,Orangewood Academy (CA)
2022,41,Ysabella Fontleroy,4,Baylor,W,6-1,Kickapoo H.S. (MO)
2022,42,Brianna McDaniel,4,Maryland,G,5-10,Kenwood Academy H.S. (IL)
2022,43,Tabitha Amanze,4,Princeton,F,6-4,Blair Academy (NJ)
2022,44,Carleigh Wenzel,4,Virginia Tech,G,5-11,Antonian College Preparatory H.S. (TX)
2022,45,Hannah Stuelke,4,Iowa,W,6-2,Washington Senior H.S. (IA)
2022,46,Madison St. Rose,4,Princeton,G,5-10,Saint John Vianney High (NJ)
2022,47,Savannah Henderson,4,Georgia,W,6-1,Timber Creek H.S. (FL)
2022,48,Alyssa Crockett,4,Michigan,F,6-1,Westfield H.S. (IN)
2022,49,Christeen Iwuala,4,UCLA,P,6-3,Ronald Reagan H.S. (TX)
2022,50,Sydney Shaw,4,Auburn,PG,5-6,DME Academy (FL)
2022,51,Amaya Bonner,4,California,G,6-0,Bishop O'Dowd H.S. (CA)
2022,52,Gia Cooke,4,Maryland,PG,5-8,Bishop McNamara H.S. (MD)
2022,53,Elle Ladine,4,Washington,G,5-11,Pinewood School (CA)
2022,54,Bailey Maupin,4,Texas Tech,G,5-11,Gruver H.S. (TX)
2022,55,Mallory Heyer,4,Minnesota,F,6-1,Chaska H.S. (MN)
2022,56,Shay Ciezki,4,Penn State,PG,5-7,Saint Mary's H.S. (NY)
2022,57,Imani Lester,4,Louisville,P,6-3,North Raleigh Christian Academy (NC)
2022,58,Sa'Myah Smith,4,LSU,F,6-2,DeSoto H.S. (TX)
2022,59,Kennedy Basham,4,Oregon,P,6-7,PHH Prep (AZ)
2022,60,Mila Reynolds,4,Maryland,G,6-2,Washington H.S. (IN)
2022,61,Kara Dunn,4,Georgia Tech,G,5-11,Mount Paran Christian School (GA)
2022,62,Kyla Abraham,4,Baylor,P,6-4,Smithfield H.S. (VA)
2022,63,Amina Muhammad,4,Texas,F,6-3,DeSoto H.S. (TX)
2022,64,Kaylene Smikle,4,Rutgers,W,5-11,Westtown School (PA)
2022,65,Camille Jackson,4,Illinois,G,5-11,Butler College Prep (IL)
2022,66,Amiya Evans,4,UCF,F,6-1,DME Academy (FL)
2022,67,Jordana Codio,4,Texas,G,6-1,Montverde Academy (FL)
2022,68,Lexus Bargesser,4,Indiana,G,5-8,Grass Lake H.S. (MI)
2022,69,Tionna Herron,4,Kentucky,P,6-4,DeSoto H.S. (TX)
2022,70,Amiya Joyner,4,East Carolina,F,6-2,Farmville Central H.S. (NC)
2022,71,Talana Lepolo,4,Stanford,PG,5-7,Carondelet H.S. (CA)
2022,72,Yonta Vaughn,4,Virginia,PG,5-7,Bishop McNamara H.S. (MD)
2022,73,Tryanna Crisp,4,Arizona State,G,5-8,PHH Prep (AZ)
2022,74,Averi Kroenke,4,Missouri,G,5-10,Rock Bridge H.S. (MO)
2022,75,Kennedy Fauntleroy,4,Georgetown,PG,5-8,New Hope Academy (MD)
2022,76,Jada Gyamfi,4,Iowa,F,6-1,Johnston H.S. (IA)
2022,77,Emily La Chapell,4,Marquette,G,5-10,Appleton East H.S. (WI)
2022,78,Jalyn Brown,4,Louisville,W,6-0,St. Frances Academy (MD)
2022,79,Teagan Brown,4,Washington,G,5-10,Oak Ridge H.S. (CA)
2022,80,Abbey Kimball,4,Michigan State,PG,5-9,West Catholic H.S. (MI)
2022,81,Mya Petticord,4,Texas A&M,PG,5-9,Arbor Preparatory H.S. (MI)
2022,82,Ryanne Allen,4,Vanderbilt,G,6-1,Archbishop Wood H.S. (PA)
2022,83,Imarianah Russell,4,West Virginia,G,6-0,Reynoldsburg H.S. (OH)
2022,84,Debreasha Powe,4,Mississippi State,F,6-1,Meridian H.S. (MS)
2022,85,Lemyah Hylton,4,Arizona,G,5-11,Southwest Academy Girls Prep (CAN)
2022,86,Saniyah Glenn,4,Harvard,G,5-11,Christ the King H.S. (NY)
2022,87,Lilly Stoddard,4,Purdue,F,6-4,Crown Point H.S. (IN)
2022,88,Ally Carman,4,Boston College,F,6-5,Red Bank Catholic High (NJ)
2022,89,Taylor McCabe,4,Iowa,G,5-9,Fremont H.S. (NE)
2022,90,Savannah White,4,Wisconsin,F,6-2,De La Salle H.S. (MN)
2022,91,Caroline Lau,4,Northwestern,G,5-9,St. Luke's School (CT)
2022,92,Lola Lesmond,4,Yale,G,6-0,Worcester Academy (MA)
2022,93,Amauri Williams,4,Vanderbilt,P,6-3,NLR H.S. - West Campus (AR)
2022,94,Amiya Jenkins,4,Kentucky,G,5-10,Anderson County H.S. (KY)
2022,95,Madisen Wardell,4,DePaul,F,6-2,Detroit Edison Public Academy (MI)
2022,96,Beatrice Culliton,4,Oklahoma,P,6-3,Saint Thomas Aquinas H.S. (KS)
2022,97,Lily Krahn,4,Wisconsin,G,5-9,Prairie Du Chien H.S. (WI)
2022,98,Aislin Malcolm,4,Pittsburgh,G,5-10,Chartiers Valley H.S. (PA)
2022,99,Kate Clarke,4,Michigan,G,6-0,Carmel H.S. (IN)
2022,100,Mackendra Konig,4,Montana,PG,5-9,Henry M. Jackson H.S. (WA)
2023,1,Judea Watkins,5,USC,G,6-0,Sierra Canyon H.S. (CA)
2023,2,Mikaylah Williams,5,LSU,G,6-0,Parkway H.S. (LA)
2023,3,Jadyn Donovan,5,Duke,G,6-0,Sidwell Friends School (DC)
2023,4,Ciera Toomey,5,North Carolina,P,6-3,Dunmore H.S. (PA)
2023,5,Hannah Hidalgo,5,Notre Dame,PG,5-6,Paul VI H.S. (NJ)
2023,6,Kamorea Arnold,5,UConn,PG,5-9,Germantown H.S. (WI)
2023,7,Aalyah Del Rosario,5,LSU,P,6-5,The Webb School
2023,8,Montaya Dew,5,Arizona,F,6-2,Centennial H.S. (NV)
2023,9,Zoe Brooks,5,NC State,G,5-10,Saint John Vianney High (NJ)
2023,10,Courtney Ogden,5,Stanford,W,5-11,Westminster School (GA)
2023,11,Taliah Scott,5,Arkansas,G,5-9,Saint John's Country Day School (FL)
2023,12,Madison Booker,5,Texas,W,6-1,Germantown H.S. (MS)
2023,13,Milaysia Fulwiley,5,South Carolina,PG,5-6,W. J. Keenan H.S. (SC)
2023,14,Breya Cunningham,5,Arizona,P,6-4,La Jolla Country Day School (CA)
2023,15,Ashlynn Shade,5,UConn,G,5-9,La Lumiere School (IN)
2023,16,Cassandre Prosper,5,Notre Dame,F,6-2,Cairine Wilson Secondary School (CAN)
2023,17,Chloe Kitts,5,South Carolina,F,6-2,Faith Christian Academy (FL)
2023,18,Riley Nelson,5,Maryland,W,6-0,Bullis School (MD)
2023,19,Laila Reynolds,5,Florida,G,6-0,Shabach Christian Academy (MD)
2023,20,Emma Risch,5,Notre Dame,G,6-1,Palm Bay Magnet H.S. (FL)
2023,21,Jada Williams,5,Arizona,PG,5-6,La Jolla Country Day School (CA)
2023,22,Essence Cody,5,Alabama,P,6-3,Valdosta H.S. (GA)
2023,23,Sahara Williams,5,Oklahoma,W,5-10,West H.S. (IA)
2023,24,Kymora Johnson,5,Virginia,G,5-7,Saint Annes-Belfield H.S. (VA)
2023,25,Tessa Johnson,4,South Carolina,G,5-10,Saint Michael Albertville High
2023,26,Sofia Bell,4,Oregon,W,6-1,Jesuit H.S. (OR)
2023,27,Oluchi Okananwa,4,Duke,G,5-9,Worcester Academy (MA)
2023,28,Sayvia Sellers,4,Washington,PG,5-7,Anchorage Christian H.S. (AK)
2023,29,Delaney Thomas,4,Duke,F,6-2,St. John's College H.S. (DC)
2023,30,Reniya Kelly,4,North Carolina,PG,5-5,Hoover H.S. (AL)
2023,31,Addyson Brown,4,Iowa State,W,6-2,Derby Senior H.S. (KS)
2023,32,Amanda Muse,4,UCLA,P,6-4,Heritage H.S. (CA)
2023,33,Amari Whiting,4,BYU,PG,5-10,Timpview H.S. (UT)
2023,34,S'mya Nichols,4,Kansas,W,6-0,Shawnee Mission West H.S. (KS)
2023,35,Kylie Marshall,4,Texas A&M,G,5-11,Lake Ridge H.S. (TX)
2023,36,Letycia Vasconcelos,4,Baylor,P,6-7,Montverde Academy (FL)
2023,37,Sunaja Agara,4,Stanford,G,5-11,Hopkins H.S. (MN)
2023,38,Gisella Maul,4,Texas,G,5-11,Cedar Park H.S. (TX)
2023,39,Chloe Clardy,4,Stanford,G,5-9,Conway H.S. (AR)
2023,40,Sahnya Jah,4,South Carolina,W,6-1,Montverde Academy (FL)
2023,41,Qadence Samuels,4,UConn,F,6-2,Bishop McNamara H.S. (MD)
2023,42,Sammie Wagner,4,Oregon,W,6-1,Ronald Reagan H.S. (TX)
2023,43,Amiyah Reynolds,4,Purdue,G,6-0,Washington H.S. (IN)
2023,44,Angelica Velez,4,LSU,PG,5-7,The Webb School
2023,45,Olivia McGhee,4,Virginia,G,6-2,IMG Academy (FL)
2023,46,Ari Long,4,Washington,PG,6-0,Valley View H.S. (CA)
2023,47,Jalynn Bristow,4,Iowa State,F,6-2,Holliday H.S.
2023,48,Quanirah Cherry-Montague,4,Mississippi State,P,6-6,Atlantic City H.S. (NJ)
2023,49,Malia Samuels,4,USC,PG,5-6,Garfield H.S. (WA)
2023,50,Reychel Douglas,4,Alabama,G,6-0,Millbrook H.S. (NC)
2023,51,Sole Williams,4,Texas A&M,G,5-9,Princeton H.S. (OH)
2023,52,Jules LaMendola,4,Indiana,G,6-1,Coppell H.S. (TX)
2023,53,Grace Slaughter,4,Missouri,W,6-1,Grain Valley R-5 H.S. (MO)
2023,54,Jasmine Brown,4,Mississippi State,G,5-9,Example Academy (IL)
2023,55,Mallory Collier,4,NC State,P,6-3,Bartlett H.S. (TN)
2023,56,Laci Steele,4,NC State,G,5-11,Edmond North H.S. (OK)
2023,57,Audi Crooks,4,Iowa State,P,6-3,Bishop Garrigan H.S. (IA)
2023,58,Carys Baker,4,Virginia Tech,F,6-1,Loomis Chaffee School (CT)
2023,59,Taylor Woodson,4,Michigan,G,6-0,Hopkins H.S. (MN)
2023,60,Lisa Thompson,4,DePaul,G,5-7,Example Academy (IL)
2023,61,Jenna Lawrence,4,Arkansas,F,6-3,Farmington H.S. (AR)
2023,62,Jordan Wood,4,Duke,F,6-2,Carmel Catholic H.S. (IL)
2023,63,Khamil Pierre,4,Vanderbilt,F,6-2,Perry H.S. (AZ)
2023,64,Fadima Tall,4,Princeton,W,5-11,Georgetown Visitation Preparatory School (DC)
2023,65,Mackenzie Nelson,4,Virginia Tech,PG,5-8,St. Luke's School (CT)
2023,66,Sarah Rambus,4,Oregon,F,6-3,IMG Academy (FL)
2023,67,Madisyn Jordan,4,Wake Forest,W,6-1,Panther Creek H.S. (NC)
2023,68,Jenna Villa,4,Washington State,G,6-1,Arlington H.S. (WA)
2023,69,Samyha Suffren,4,Virginia Tech,PG,5-8,Cannon School (NC)
2023,70,Diana Collins,4,Ohio State,PG,5-6,Brookwood H.S. (GA)
2023,71,Maddie Cox,4,NC State,F,6-2,Flower Mound H.S. (TX)
2023,72,Alyssa Latham,4,Syracuse,F,6-1,Homewood-Flossmoor H.S. (IL)
2023,73,Janae Kent,4,LSU,W,6-1,Oak Forest H.S. (IL)
2023,74,Macy Brown,4,Michigan,G,6-0,East Grand Rapids H.S. (MI)
2023,75,Kennedy Sanders,4,Colorado,PG,5-8,Chaska H.S. (MN)
2023,76,Erica Moon,4,Texas A&M,PG,5-6,St. Francis H.S. (GA)
2023,77,Katy Eidle,4,Michigan,PG,5-11,John Hersey H.S. (IL)
2023,78,Ruthie Loomis-Goltl,4,Colorado,F,6-3,Bridgeport H.S.
2023,79,Rashunda Jones,4,Purdue,PG,5-8,Washington H.S. (IN)
2023,80,Emily Fisher,4,Maryland,W,6-1,Libertyville H.S. (IL)
2023,81,Victoria Flores,4,TCU,PG,5-7,Duncanville H.S. (TX)
2023,82,Donovyn Hunter,4,Oregon State,G,5-11,South Medford H.S. (OR)
2023,83,Lenee Beaumont,4,Indiana,PG,6-0,Benet Academy (IL)
2023,84,Ava Jones,4,Iowa,W,6-2,Nickerson H.S.
2023,85,Rylie Theuerkauf,4,Wake Forest,G,5-9,Tenafly H.S. (NJ)
2023,86,Mjracle Sheppard,4,Mississippi State,PG,5-10,Montverde Academy (FL)
2023,87,Naomi Jones,4,Alabama,P,6-3,Jackson H.S. (AL)
2023,88,Zakiyah Stephenson,4,Ole Miss,PG,5-5,Princess Anne H.S. (VA)
2023,89,Loghan Johnson,4,Texas Tech,G,5-8,Houston Christian H.S. (TX)
2023,90,Rylee Grays,4,North Carolina,P,6-3,Pearland H.S. (TX)
2023,91,Logan Nissley,4,Nebraska,PG,5-10,Century H.S.
2023,92,Jade Clack,4,TCU,W,6-1,Austin H.S. (TX)
2023,93,Chloe Briggs,4,Washington,G,5-10,Ontario Christian H.S. (CA)
2023,94,Khia Miller,4,East Carolina,G,5-10,Sidwell Friends School (DC)
2023,95,Clara Strack,4,Virginia Tech,P,6-4,Hamburg H.S. (NY)
2023,96,Skylar Jones,4,Arizona,W,6-0,Whitney Young H.S. (IL)
2023,97,Mary Ashley Groot,4,Purdue,F,6-2,Dalton School (NY)
2023,98,Grace Grocholski,4,Minnesota,G,5-10,Kettle Moraine H.S. (WI)
2023,99,J'Adore Young,4,Ole Miss,F,6-4,Greenville Senior H.S. (SC)
2023,100,Miyah Verse,4,Georgia,F,6-1,Arizona College Prep (AZ)
2024,1,Sarah Strong,5,UConn,F,6-2,Grace Christian Sanford (NC)
2024,2,Jaloni Cambridge,5,Ohio State,PG,5-6,Montverde Academy (FL)
2024,3,Joyce Edwards,5,South Carolina,F,6-3,Camden H.S. (SC)
2024,4,Syla Swords,5,Michigan,G,6-0,Long Island Lutheran H.S. (NY)
2024,5,Kateryna Koval,5,Notre Dame,P,6-4,Long Island Lutheran H.S. (NY)
2024,6,Kennedy Smith,5,USC,W,6-1,Etiwanda H.S. (CA)
2024,7,Allie Ziebell,5,UConn,G,5-10,Neenah H.S. (WI)
2024,8,Mikayla Blakes,5,Vanderbilt,G,6-0,Rutgers Prep H.S. (NJ)
2024,9,Jordan Lee,5,Texas,G,6-0,Saint Mary's H.S. (CA)
2024,10,Toby Fournier,5,Duke,F,6-2,Crestwood Secondary (CAN)
2024,11,Morgan Cheli,5,UConn,G,6-2,Archbishop Mitty H.S. (CA)
2024,12,Justice Carlton,5,Texas,F,6-2,Seven Lakes H.S. (TX)
2024,13,Kayleigh Heckel,5,USC,G,5-9,Long Island Lutheran H.S. (NY)
2024,14,Madisen McDaniel,5,South Carolina,PG,5-9,Bishop McNamara H.S. (MD)
2024,15,Alivia McGill,5,Florida,PG,5-9,Hopkins H.S. (MN)
2024,16,Avery Howell,5,USC,G,5-11,Boise H.S. (ID)
2024,17,Arianna Roberson,5,Duke,F,6-4,Clark H.S. (TX)
2024,18,Kendall Dudley,5,UCLA,W,6-2,Sidwell Friends School (DC)
2024,19,Imari Berry,5,Louisville,G,5-10,Clarksville H.S. (TN)
2024,20,Olivia Olson,5,Michigan,G,6-1,Benilde Saint Margaret High (MN)
2024,21,Zamareya Jones,5,NC State,PG,5-7,North Pitt H.S. (NC)
2024,22,Berry Wallace,5,Illinois,W,6-1,Pickerington Central H.S. (OH)
2024,23,Mackenly Randolph,5,Louisville,F,6-0,Sierra Canyon H.S. (CA)
2024,24,Tajianna Avant-Roberts,5,Louisville,G,5-10,IMG Academy (FL)
2024,25,Britt Prince,5,Nebraska,PG,5-11,Elkhorn North H.S. (NE)
2024,26,Avary Cain,5,UCLA,G,6-1,Saint Joseph H.S. (CA)
2024,27,Kiyomi McMiller,5,Rutgers,PG,5-9,Life Center Academy (NJ)
2024,28,Adhel Tac,5,South Carolina,P,6-5,South Grand Prairie H.S. (TX)
2024,29,Danielle Carnegie,4,Georgia Tech,G,5-8,Grayson H.S. (GA)
2024,30,Zania Socka-Nguemen,4,UCLA,F,6-3,Sidwell Friends School (DC)
2024,31,Me'Arah O'Neal,4,Florida,P,6-3,Episcopal H.S. (TX)
2024,32,Blanca Thomas,4,North Carolina,P,6-5,Charlotte Catholic H.S. (NC)
2024,33,Leah Harmon,4,Miami,PG,5-6,IMG Academy (FL)
2024,34,Katie Fiso,4,Oregon,PG,5-11,Garfield H.S. (WA)
2024,35,Kyndal Walker,4,Maryland,PG,5-9,Saint Johns College H.S. (MD)
2024,36,Eris Lester,4,Alabama,G,5-11,Montverde Academy (FL)
2024,37,Kaniya Boyd,4,Tennessee,G,5-9,Centennial H.S. (NV)
2024,38,Bryanna Preston,4,Texas,PG,5-9,Wesleyan School (GA)
2024,39,Devin Coppinger,4,Washington,G,5-10,Nooksack Valley H.S. (WA)
2024,40,Alexandra Blue,4,Kentucky,W,6-2,Lake Highland Prep (FL)
2024,41,Ahnay Adams,4,Miami,PG,5-6,Tilton School (NH)
2024,42,Ava Heiden,4,Iowa,P,6-4,Sherwood H.S. (OR)
2024,43,Tahj Bloom,4,Mississippi State,F,6-3,DME Academy (FL)
2024,44,Ume Kennedy,4,Stanford,F,6-3,McDonough H.S. (MD)
2024,45,Breanna Williams,4,Maryland,F,6-2,Skyview H.S. (MT)
2024,46,Zya Vann,4,Oklahoma,G,5-9,Bethany H.S. (OK)
2024,47,Vivian Iwuchukwu,4,USC,F,6-3,Montverde Academy (FL)
2024,48,Tabitha Betson,4,Colorado,W,6-2,DME Academy (FL)
2024,49,Chazadi Wright,4,Georgia Tech,PG,5-4,Wesleyan School (GA)
2024,50,Devyn Quigley,4,NC State,W,5-11,Manchester Township H.S. (NJ)
2024,51,Kayla Nelms,4,Baylor,F,6-1,Miami Country Day School (FL)
2024,52,Ava Watson,4,Ohio State,PG,5-8,Buford H.S. (GA)
2024,53,Wrenwyck Ijiwoye,4,Stanford,PG,5-6,Desert Vista H.S. (AZ)
2024,54,Rian Forestier,4,USC,G,5-11,Brandeis H.S. (TX)
2024,55,Xamiya Walton,4,Northwestern,PG,5-5,Butler College Prep (IL)
2024,56,Kamryn Mafua,4,California,F,6-2,Folsom H.S. (CA)
2024,57,Jordyn Poole,4,Purdue,PG,5-7,R. Nelson Snider H.S. (IN)
2024,58,Aaliyah Guyton,4,Iowa,G,5-8,Peoria H.S. (IL)
2024,59,Lanie Grant,4,North Carolina,PG,5-9,James River H.S. (VA)
2024,60,Taliyah Parker,4,Texas A&M,G,6-1,South Grand Prairie H.S. (TX)
2024,61,Faith Wiseman,4,Indiana,F,6-3,Indian Creek H.S. (IN)
2024,62,Juliann Woodard,4,Michigan State,F,6-0,Jennings County H.S. (IN)
2024,63,McKenna Johnson,4,Minnesota,G,5-9,Wilmot Union H.S. (WI)
2024,64,Kalysta Martin,4,Texas Tech,G,6-1,Providence Catholic School (TX)
2024,65,Teagan Mallegni,4,Iowa,G,6-0,McFarland H.S. (WI)
2024,66,Athena Tomlinson,4,Boston College,PG,5-5,Clovis West H.S. (CA)
2024,67,Indya Davis,4,Georgia,G,5-9,West Bloomfield H.S. (MI)
2024,68,Kayl Peterson,4,Virginia Tech,W,6-0,Waupun H.S. (WI)
2024,69,Jordan Zubich,4,North Carolina,G,5-11,Mountain Iron-Buhl H.S.
2024,70,Brooke Walker,4,Utah,PG,5-8,Andover H.S. (KS)
2024,71,Jamia Woolfolk,4,Georgia,F,6-3,Manchester H.S. (VA)
2024,72,Caya Smith,4,Oklahoma,W,5-11,Putnam City West H.S. (OK)
2024,73,Ines Goryanova,4,Baylor,PG,5-8,DME Academy (FL)
2024,74,Trinity Turner,4,Georgia,PG,5-6,Dr. Phillips H.S. (FL)
2024,75,Roisin Grandberry,4,Loyola Chicago,F,6-3,Rolling Meadows H.S. (IL)
2024,76,Zahra King,4,California,G,5-10,Westtown School (PA)
2024,77,Delaney Gibb,4,BYU,PG,5-10,Raymond H.S. (CAN)
2024,78,Destiny Agubata,4,West Virginia,W,6-0,Santiago H.S. (CA)
2024,79,Jordan Thomas,4,West Virginia,P,6-3,Hebron H.S. (TX)
2024,80,Janessa Cotton,4,Duke,W,6-2,Mater Dei H.S. (CA)
2024,81,Lauryn Swann,4,Arizona,PG,5-7,Long Island Lutheran H.S. (NY)
2024,82,Tianna Thompson,4,Georgia Tech,G,5-10,The Galloway School (GA)
2024,83,Katie Vasecka,4,South Dakota State,W,6-2,Tea H.S.
2024,84,Grace Oliver,4,Colorado,W,6-1,Noble & Greenough School (MA)
2024,85,Keira Scott,4,Syracuse,W,6-2,DME Academy (FL)
2024,86,Taylor Barner,4,Memphis,PG,5-8,Panther Creek H.S. (NC)
2024,87,Harper Peterson,4,Stanford,F,6-3,Whitney H.S. (CA)
2024,88,Izela Arenas,4,Louisville,G,5-9,Sierra Canyon H.S. (CA)
2024,89,Teagan Colvin,4,UNLV,PG,5-7,Coeur D'Alene H.S. (ID)
2024,90,Jada Richard,4,LSU,PG,5-6,Lafayette Christian Academy (LA)
2024,91,Jadyn Wooten,4,Oklahoma State,PG,5-5,Blue Valley H.S. (KS)
2024,92,Laura Williams,4,USC,F,6-1,Paul VI H.S. (VA)
2024,93,Sinai Douglas,4,Michigan State,PG,5-5,Start H.S. (OH)
2024,94,Taylor Stremlow,4,Iowa,G,5-8,Verona H.S. (WI)
2024,95,Ella Hobbs,4,Ohio State,F,6-4,1 of 1 Academy (NC)
2024,96,Summer Davis,4,Georgia,PG,5-9,West Bloomfield H.S. (MI)
2024,97,Jasmine Bascoe,4,Villanova,PG,5-7,King's Christian Collegiate (CAN)
2024,98,Hana Belibi,4,Harvard,W,6-0,Regis Jesuit H.S. (CO)
2024,99,Breona Hurd,4,Virginia,F,6-1,Waynesville H.S. (MO)
2024,100,Ariel Little,4,St. John's,PG,5-4,South Shore H.S. (NY)